{
    "A": {
        "ar": "أ",
        "fr": "A",
        "en": "A"
    },
    "B": {
        "ar": "ب",
        "fr": "B",
        "en": "B"
    },
    "C": {
        "ar": "ث",
        "fr": "C",
        "en": "C"
    },
    "D": {
        "ar": "د",
        "fr": "D",
        "en": "D"
    },
    "E": {
        "ar": "إ",
        "fr": "E",
        "en": "E"
    },
    "F": {
        "ar": "ف",
        "fr": "F",
        "en": "F"
    },
    "G": {
        "ar": "ج",
        "fr": "G",
        "en": "G"
    },
    "H": {
        "ar": "ه",
        "fr": "H",
        "en": "H"
    },
    "I": {
        "ar": "ي",
        "fr": "I",
        "en": "I"
    },
    "J": {
        "ar": "ج",
        "fr": "J",
        "en": "J"
    },
    "K": {
        "ar": "ك",
        "fr": "K",
        "en": "K"
    },
    "L": {
        "ar": "ل",
        "fr": "L",
        "en": "L"
    },
    "M": {
        "ar": "م",
        "fr": "M",
        "en": "M"
    },
    "N": {
        "ar": "ن",
        "fr": "N",
        "en": "N"
    },
    "O": {
        "ar": "و",
        "fr": "O",
        "en": "O"
    },
    "P": {
        "ar": "ب",
        "fr": "P",
        "en": "P"
    },
    "Q": {
        "ar": "ق",
        "fr": "Q",
        "en": "Q"
    },
    "R": {
        "ar": "ر",
        "fr": "R",
        "en": "R"
    },
    "S": {
        "ar": "س",
        "fr": "S",
        "en": "S"
    },
    "T": {
        "ar": "ت",
        "fr": "T",
        "en": "T"
    },
    "U": {
        "ar": "ي",
        "fr": "U",
        "en": "U"
    },
    "V": {
        "ar": "ف",
        "fr": "V",
        "en": "V"
    },
    "W": {
        "ar": "و",
        "fr": "W",
        "en": "W"
    },
    "X": {
        "ar": "كس",
        "fr": "X",
        "en": "X"
    },
    "Y": {
        "ar": "ي",
        "fr": "Y",
        "en": "Y"
    },
    "Z": {
        "ar": "ز",
        "fr": "Z",
        "en": "Z"
    },
    "car": {
        "ar": "سيارة",
        "fr": "voiture",
        "en": "car",
        "emoji": "🚗"
    },
    "karhba": {
        "ar": "قطار كهربائي",
        "fr": "train électrique",
        "en": "electric train",
        "emoji": "🚋"
    },
    "louage": {
        "ar": "تاكسي جماعي",
        "fr": "taxi collectif",
        "en": "shared taxi",
        "emoji": "🚕"
    },
    "métro": {
        "ar": "مترو",
        "fr": "métro",
        "en": "metro",
        "emoji": "🚇"
    },
    "taxi": {
        "ar": "تاكسي",
        "fr": "taxi",
        "en": "taxi",
        "emoji": "🚖"
    },
    "train": {
        "ar": "قطار",
        "fr": "train",
        "en": "train",
        "emoji": "🚆"
    },
    "3aslema": {
        "ar": "السلامة",
        "fr": "au revoir",
        "en": "goodbye",
        "emoji": "👋"
    },
    "5adamet": {
        "ar": "خدمات",
        "fr": "services",
        "en": "services",
        "emoji": "🛠️"
    },
    "assim": {
        "ar": "اسم",
        "fr": "nom",
        "en": "name",
        "emoji": "🏷️"
    },
    "barnamjk": {
        "ar": "برنامجك",
        "fr": "ton programme",
        "en": "your program",
        "emoji": "📅"
    },
    "chabeb": {
        "ar": "شباب",
        "fr": "jeunes",
        "en": "youth",
        "emoji": "🧑‍🤝‍🧑"
    },
    "cv": {
        "ar": "سيرة ذاتية",
        "fr": "CV",
        "en": "resume",
        "emoji": "📄"
    },
    "demande": {
        "ar": "طلب",
        "fr": "demande",
        "en": "request",
        "emoji": "📝"
    },
    "enti": {
        "ar": "أنت",
        "fr": "toi",
        "en": "you",
        "emoji": "🫵"
    },
    "labes": {
        "ar": "لا بأس",
        "fr": "ça va",
        "en": "fine",
        "emoji": "👍"
    },
    "lyoum": {
        "ar": "اليوم",
        "fr": "aujourd'hui",
        "en": "today",
        "emoji": "📅"
    },
    "mar7ba": {
        "ar": "مرحبا",
        "fr": "bienvenue",
        "en": "welcome",
        "emoji": "🤝"
    },
    "n3awnek": {
        "ar": "نعاونك",
        "fr": "je t'aide",
        "en": "I help you",
        "emoji": "🆘"
    },
    "nekteblk": {
        "ar": "نكتبلك",
        "fr": "je t'écris",
        "en": "I write you",
        "emoji": "✍️"
    },
    "non": {
        "ar": "لا",
        "fr": "non",
        "en": "no",
        "emoji": "👎"
    },
    "oui": {
        "ar": "نعم",
        "fr": "oui",
        "en": "yes",
        "emoji": "👍"
    },
    "radio": {
        "ar": "راديو",
        "fr": "radio",
        "en": "radio",
        "emoji": "📻"
    },
    "se7a": {
        "ar": "صحة",
        "fr": "santé",
        "en": "health",
        "emoji": "🏥"
    },
    "siye7a": {
        "ar": "سياحة",
        "fr": "tourisme",
        "en": "tourism",
        "emoji": "🏖️"
    },
    "t7eb": {
        "ar": "تحب",
        "fr": "tu aimes",
        "en": "you like",
        "emoji": "❤️"
    },
    "ta3lim": {
        "ar": "تعليم",
        "fr": "éducation",
        "en": "education",
        "emoji": "🎓"
    },
    "ta3raf": {
        "ar": "تعرف",
        "fr": "tu connais",
        "en": "you know",
        "emoji": "🧠"
    },
    "ta9ra": {
        "ar": "تقرأ",
        "fr": "tu lis",
        "en": "you read",
        "emoji": "📖"
    },
    "telvza": {
        "ar": "تلفزة",
        "fr": "télévision",
        "en": "television",
        "emoji": "📺"
    },
    "tha9afa": {
        "ar": "ثقافة",
        "fr": "culture",
        "en": "culture",
        "emoji": "🎭"
    },
    "3ayla": {
        "ar": "عائلة",
        "fr": "famille",
        "en": "family",
        "emoji": "👨‍👩‍👧‍👦"
    },
    "5al-3am": {
        "ar": "خال/عم",
        "fr": "oncle",
        "en": "uncle",
        "emoji": "👴"
    },
    "5ou": {
        "ar": "أخ",
        "fr": "frère",
        "en": "brother",
        "emoji": "👦"
    },
    "bent": {
        "ar": "بنت",
        "fr": "fille",
        "en": "daughter",
        "emoji": "👧"
    },
    "bou": {
        "ar": "أب",
        "fr": "père",
        "en": "father",
        "emoji": "👨"
    },
    "eben": {
        "ar": "ابن",
        "fr": "fils",
        "en": "son",
        "emoji": "👶"
    },
    "jad": {
        "ar": "جد",
        "fr": "grand-père",
        "en": "grandfather",
        "emoji": "👴"
    },
    "jadda": {
        "ar": "جدة",
        "fr": "grand-mère",
        "en": "grandmother",
        "emoji": "👵"
    },
    "mar2a": {
        "ar": "امرأة",
        "fr": "femme",
        "en": "woman",
        "emoji": "👩"
    },
    "o5t": {
        "ar": "أخت",
        "fr": "sœur",
        "en": "sister",
        "emoji": "👧"
    },
    "om": {
        "ar": "أم",
        "fr": "mère",
        "en": "mother",
        "emoji": "👩"
    },
    "tfol": {
        "ar": "طفل",
        "fr": "enfant",
        "en": "child",
        "emoji": "👶"
    },
    "5mis": {
        "ar": "الخميس",
        "fr": "jeudi",
        "en": "Thursday",
        "emoji": "🗓️"
    },
    "a7ad": {
        "ar": "الأحد",
        "fr": "dimanche",
        "en": "Sunday",
        "emoji": "🗓️"
    },
    "erb3a": {
        "ar": "الأربعاء",
        "fr": "mercredi",
        "en": "Wednesday",
        "emoji": "🗓️"
    },
    "jom3a": {
        "ar": "الجمعة",
        "fr": "vendredi",
        "en": "Friday",
        "emoji": "🗓️"
    },
    "sebt": {
        "ar": "السبت",
        "fr": "samedi",
        "en": "Saturday",
        "emoji": "🗓️"
    },
    "thleth": {
        "ar": "الثلاثاء",
        "fr": "mardi",
        "en": "Tuesday",
        "emoji": "🗓️"
    },
    "thnin": {
        "ar": "الاثنين",
        "fr": "lundi",
        "en": "Monday",
        "emoji": "🗓️"
    },
    "baladya": {
        "ar": "بلدية",
        "fr": "mairie",
        "en": "city hall",
        "emoji": "🏛️"
    },
    "banka": {
        "ar": "بنك",
        "fr": "banque",
        "en": "bank",
        "emoji": "🏦"
    },
    "bousta": {
        "ar": "بريد",
        "fr": "poste",
        "en": "post office",
        "emoji": "🏤"
    },
    "dar": {
        "ar": "دار",
        "fr": "maison",
        "en": "home",
        "emoji": "🏠"
    },
    "ma7kma": {
        "ar": "محكمة",
        "fr": "tribunal",
        "en": "court",
        "emoji": "⚖️"
    },
    "mostawsaf": {
        "ar": "مستشفى",
        "fr": "hôpital",
        "en": "hospital",
        "emoji": "🏥"
    },
    "sbitar": {
        "ar": "مستشفى",
        "fr": "hôpital",
        "en": "hospital",
        "emoji": "🏥"
    },
    "wzara": {
        "ar": "وزارة",
        "fr": "ministère",
        "en": "ministry",
        "emoji": "🏢"
    }
}